# This file was autogenerated by rever: https://regro.github.io/rever-docs/
# This prevent git from showing duplicates with various logging commands.
# See the git documentation for more details. The syntax is:
#
#   good-name <good-email> bad-name <bad-email>
#
# You can skip bad-name if it is the same as good-name and is unique in the repo.
#
# This file is up-to-date if the command git log --format="%aN <%aE>" | sort -u
# gives no duplicates.

Anthony Scopatz <scopatz@gmail.com>
Adam Hartz <hartz@mit.edu> adam j hartz <hartz@mit.edu>
Gil Forsyth <gilforsyth@gmail.com> Gil Forsyth <gforsyth@users.noreply.github.com>
Gil Forsyth <gilforsyth@gmail.com> Gil Forsyth <Gilbert.Forsyth@capitalone.com>
Gil Forsyth <gilforsyth@gmail.com> Gil Forsyth <gforsyth@gwu.edu>
Gil Forsyth <gilforsyth@gmail.com> Gil Forsyth <gil@forsyth.dev>
Morten Enemark Lund <melund@gmail.com>
Konstantinos Tsakiltzidis <laerusk@gmail.com> laerus <laerusk@gmail.com>
Jamie Bliss <astronouth7303@gmail.com> James Bliss <jamie.bliss@ilq.com>
Jamie Bliss <astronouth7303@gmail.com> James Bliss <jbliss@nextgenerationenrollment.com>
Jamie Bliss <astronouth7303@gmail.com> James Bliss <jamie@ivyleav.es>
Hugo Wang <w@mitnk.com>
BlahGeek <i@BlahGeek.com>
Bob Hyman <bob.hyman@bobssoftwareworks.com> Bob Hyman <bob.hyman@gmail.com>
Jean-Benoist Leger <jb@leger.tf> Jean-Benoist Leger <jbleger@gertrude>
Jean-Benoist Leger <jb@leger.tf> Jean-Benoist Leger <jbleger@hds.utc.fr>
christopher <cjwright4242@gmail.com>
Klaus Alexander Seistrup <klaus@seistrup.dk> Klaus Alexander Seistrup <kseistrup@users.noreply.github.com>
Leonardo Santagada <santagada@gmail.com>
David Strobach <lalochcz@gmail.com> laloch <lalochcz@gmail.com>
Burak Yiğit Kaya <ben@byk.im> Burak Yigit Kaya <ben@byk.im>
Aaron Griffin <aig787@gmail.com>
Rob Brewer <rwb123@gmail.com> Robert W. Brewer <rwb123@gmail.com>
virus <virusbb001a@gmail.com>
Sagar Tewari <sagartewari01@gmail.com> Sagar Tewari <sagartewariym@yahoo.com>
Matthias Bussonnier <bussonniermatthias@gmail.com>
Konstantin Molchanov <kmolchanov@machinezone.com> Konstantin Molchanov <moigagoo@live.com>
Guillaume Leclerc <guillaume.leclerc@epfl.ch> Guillaume Leclerc <guillaume.leclerc.work@gmail.com>
Gordon Ball <gordon@chronitis.net>
Travis Shirk <travis@pobox.com>
Joel Gerber <joel@grrbrr.ca>
vaaaaanquish <6syun9@gmail.com> @vaaaaanquish <6syun9@gmail.com>
vaaaaanquish <6syun9@gmail.com> vaaaaanquish <6syun9@gmail.com>
vaaaaanquish <6syun9@gmail.com> 6syun9 <6syun9@gmail.com>
Bernardas Ališauskas <bernardas.alisauskas@gmail.com> Bernardas <bernardas.alisauskas@gmail.com>
Derek Thomas <derekathomas@gmail.com>
David Dotson <dotsdl@gmail.com>
VHarisop <the.machine.headed@gmail.com>
JohnLunzer <lunzer@gmail.com> jlunz <lunz8748@usroc1miniwaas.corp.exelisinc.com>
Paul Goelz <s8pagoel@stud.uni-saarland.de>
Carmen Bianca Bakker <carmen@carmenbianca.eu>
Frank Sachsenheim <funkyfuture@riseup.net> Frank Sachsenheim <funkyfuture@users.noreply.github.com>
Kurtis Rader <krader@skepticism.us>
cryzed <cryzed@googlemail.com>
anki-code <anki-code@users.noreply.github.com>
Brian Visel <eode@eptitude.net>
Andrew Hundt <ATHundt@gmail.com>
Jonathan Slenders <jonathan@slenders.be>
Justin Moen <jamoen7@gmail.com>
con-f-use <con-f-use@users.noreply.github.com>
Caleb Hattingh <caleb.hattingh@gmail.com>
Stephan Fitzpatrick <knowsuchagency@gmail.com>
Raphael Das Gupta <raphael.das.gupta@hsr.ch>
K.-Michael Aye <kmichael.aye@gmail.com> K.-Michael Aye <michaelaye@users.noreply.github.com>
Jason R. Coombs <jaraco@jaraco.com>
halloleo <git@halloleo.dot.hailmail.dot.net> halloleo <halloleo@users.noreply.github.com>
Will Wykeham <will@wykeham.net>
Oleh Prypin <oleh@pryp.in>
Brian Skinn <brian.skinn@gmail.com>
Will S <wsha.code@gmail.com>
Alessio Bogon <youtux@gmail.com> Alessio Bogon <youtux@users.noreply.github.com>
Yohei Tamura <tamuhey@gmail.com>
Maximilian Köhl <mail@koehlma.de>
Cody Scott <cody.j.b.scott@gmail.com>
Jake Hedman <jake@hedman.email>
Alexander Sosedkin <monk@unboiled.info>
traverseda <traverse.da@gmail.com>
Andre Weltsch <andre.t.weltsch@campus.tu-berlin.de> Andre Weltsch <andre@weltsch.de>
Jeremy Donahue <jeremydonahue@gmail.com>
Raphael Gaschignard <raphael@rtpg.co>
Nathan Goldbaum <ngoldbau@illinois.edu> Nathan Goldbaum <goldbaum@ucolick.org>
mel <mel@anybodytech.com>
Jared Crawford <jmcrawford45@gmail.com>
JuanPablo <jpabloaj@gmail.com>
Ollie Terrance <ollie.terrance@live.co.uk>
Marcel Bollmann <bollmann@linguistics.rub.de>
mdraw <mdraw.gh@gmail.com>
Mattias Ugelvik <uglemat@gmail.com>
Ryan Gonzalez <rymg19@gmail.com>
David Gros <dngros@live.com>
Andrea D'Amore <anddam@brapi.net>
James Elías <jamiees2@gmail.com>
anula <anula.szy@gmail.com>
Jay Tuckey <jay.tuckey@gmail.com>
Alexander Steffen <devel.20.webmeister@spamgourmet.com>
Randy Syring <randy@thesyrings.us>
Lucas Inojosa <lucas.inojosa@gmail.com> Lucas Inojosa <linojosa@lalinojosa.home>
adam j hartz <adam@smatz.net> adam j hartz <hz@mit.edu>
Nickolay Bukreyev <buknik95@yandex.ru>
Alexey <forestbiiird@gmail.com>
Alexandre Ferland <aferlandqc@gmail.com> admiralobvious <aferlandqc@gmail.com>
Marvin Steadfast <marvin@xsteadfastx.org>
Aaron Meurer <asmeurer@gmail.com>
Matteo Bertini <matteo@naufraghi.net>
anatoly techtonik <techtonik@gmail.com>
AaronV77 <aaronvaloroso77@gmail.com>
Erick Tucto <erick.tucto@outlook.com>
Tyler Goodlet <tgoodlet@gmail.com>
Paul Barton <pablo.barton@gmail.com> Pablo Barton <pablo.barton@gmail.com>
74th <site@74th.tech>
Mickaël Schoentgen <contact@tiger-222.fr>
Steven Silvester <steven.silvester@ieee.org>
Robert DeFriesse <Robert.DEFRIESSE@3ds.com>
Justin Calamari <justin.calamari@gmail.com>
Thomas Marquart <thomas@marquart.se>
Benjamin Pollack <benjamin@bitquabit.com>
Sardorbek Imomaliev <sardorbek.imomaliev@gmail.com>
Jakub Nowak <jakub.jakub.nowak@gmail.com>
selepo <po.lenhoff@gmail.com>
Fabien Dubosson <fabien.dubosson@gmail.com>
Kale Kundert <kale@thekunderts.net>
Andrés García García <a.garcia230395@gmail.com> Ad115 <a.garcia230395@gmail.com>
Sean Farley <sean@farley.io>
Jan Schulz <jasc@gmx.net>
Samuel Dion-Girardeau <samuel.diongirardeau@gmail.com>
Michael Droettboom <mdboom@gmail.com>
guillearch <gcastellano@protonmail.com>
javValverde <jav.valve@gmail.com>
Shahin <me@5hah.in>
Nico Lehmann <nlehmann@dcc.uchile.cl>
Sebastian Wagner <sebix@sebix.at>
yuqing <waywardson@126.com> yuqing <yuqing@cmcm.com>
Rahiel Kasim <rahielkasim@gmail.com>
SanketDG <sanketdasgupta@gmail.com>
David <auscompgeek@users.noreply.github.com>
Danmou <dmrtzn@gmail.com>
Niklas Hambüchen <mail@nh2.me>
Sébastien Pierre <sebastien.pierre@gmail.com>
shadow-light <42055707+shadow-light@users.noreply.github.com>
Jan Chren <dev.rindeal@gmail.com>
Mark Wiebe <mwwiebe@gmail.com>
Nathan Hoad <nathan@getoffmalawn.com>
Eric Dill <edill@bnl.gov>
neruok <codywentz@gmail.com> neruok <6155000+neruok@users.noreply.github.com>
Domenic Barbuzzi <dbarbuzzi@gmail.com>
metamind <metamind@Metafoot>
Qiushi Pan <qiu.gits@gmail.com>
josh <josh.sarver@gmail.com>
TobalJackson <Tobaljackson@gmail.com>
Greg Thole <gthole@gmail.com>
Min RK <benjaminrk@gmail.com>
Nicolas Avrutin <rasputin@google.com>
Kevin Yokley <kyokley2@gmail.com>
Ollie Ford <me@ojford.com>
Mark Bestley <37385+bestlem@users.noreply.github.com>
Michał Zając <emzajac@gmail.com> zajaczajac <michal.zajac@swmansion.com>
Emre Ates <ates@bu.edu>
Romain Bignon <romain@symlink.me>
Owen Campbell <owen.campbell@tanti.org.uk>
Steven Kryskalla <skryskalla@gmail.com>
cclauss <cclauss@me.com>
Eddie Peters <edward.paul.peters@gmail.com>
Ke Zhang <kezhang@bnl.gov> ke-zhang-rd <kezhang@bnl.gov>
László Vaskó <vlaci@balabit.hu>
Allan Crooks <allan.crooks@sixtyten.org>
micimize <rosenthalm93@gmail.com>
Edmund Miller <edmund.a.miller@protonmail.com>
Dan Allan <dallan@bnl.gov>
Ned Letcher <nletcher@gmail.com>
Zach Crownover <zachary.crownover@gmail.com>
Miguel de Val-Borro <miguel@archlinux.net>
Hirotomo Moriwaki <hirotomo.moriwaki@gmail.com>
Phil Elson <pelson.pub@gmail.com>
Erin Call <erincall@github.com>
Trevor Bekolay <tbekolay@gmail.com>
Tzu-ping Chung <uranusjr@gmail.com>
Andrew Toskin <andrew@tosk.in>
torgny <torgny.andersson@gmail.com>
William Woodall <william@osrfoundation.org>
ariel faigon <github.2009@yendor.com>
Nigel Tea <nigelbtea@gmail.com>
Mark Szumowski <mark@szumowski.net>
The Gitter Badger <badger@gitter.im>
Cameron Bates <cameron.r.bates@gmail.com>
Kermit Alexander II <tuxfreak@tuxfamily.org>
Richard Kim <emacs18@gmail.com>
Brian S. Corbin <brian.corbin@pokitdok.com>
Erez Shinan <erezshin+git@gmail.com>
Nakada Takumi <usrNeko@kerorin.local>
Ross Nomann <rossnomann@protonmail.com>
eyalzek <eyal.ez@gmail.com>
Pedro Rodriguez <ski.rodriguez@gmail.com>
Eric Harris <ericmharris@gmail.com>
Austin Bingham <austin.bingham@gmail.com>
jlunz <lunz8748@ak.(none)>
dragon788 <dragon788@users.noreply.github.com>
Jonathan Hogg <jonathan@significant-whitespace.com>
Andrei <fizicars@gmail.com>
Daniel Hahler <git@thequod.de>
Mark Harfouche <mark.harfouche@gmail.com>
Carol Willing <carolcode@willingconsulting.com>
Kilte Leichnam <nwotnbm@gmail.com>
Raniere Silva <raniere@rgaiacs.com>
Thomas Kluyver <takowl@gmail.com>
Donne Martin <donne.martin@gmail.com>
Alexey Shrub <ashrub@yandex.ru>
Jean-Christophe Fillion-Robin <jchris.fillionr@kitware.com>
Charlie Arnold <charlie.arnold@gmail.com>
Nate Tangsurat <e4r7hbug@gmail.com>
Michael Ensslin <michael@ensslin.cc>
dbxnr <dbxnr@users.noreply.github.com>
sushobhana <sushobhanapatra@gmail.com>
Florian Mounier <florian.mounier@kozea.fr>
Glen Zangirolami <glenbot@gmail.com>
adamheins <adam@pebble.com>
Joseph Paul <mail@jsph.pl>
Daniel Milde <daniel@milde.cz>
Katriel Cohn-Gordon <me@katriel.co.uk>
Chad Kennedy <chadkennedyonline@users.noreply.github.com>
stonebig <stonebig34@gmail.com>
Ronny Pfannschmidt <opensource@ronnypfannschmidt.de>
Troy de Freitas <9503857+ntdef@users.noreply.github.com>
Rodrigo Oliveira <rodrigo.oliveira@byne.com.br>
Gyuri Horak <dyuri@horak.hu>
Daniel Smith <malorian@me.com>
Nils ANDRÉ-CHANG <nils@nilsand.re>
chengxuncc <chengxuncc@gmail.com>
nedsociety <nedsociety@gmail.com>
fanosta <github@nageler.org>
David Kalliecharan <david@david.science>
Mike Crowe <drmikecrowe@gmail.com> drmikecrowe <drmikecrowe@gmail.com>
Sylvain Corlay <sylvain.corlay@gmail.com>
Chris Lasher <chris.lasher@gmail.com>
Marcio Mazza <marciomazza@gmail.com>
goodboy <tgoodlet@users.noreply.github.com>
Atsushi Morimoto <atsushi.morimoto@dena.com>
